id,first_name,last_name,email,gender,ip_address
1,Bryana,Kenion,bkenion0@last.fm,Female,201.69.230.248
2,Kerwin,Jostan,kjostan1@usatoday.com,Male,51.217.125.8
3,Kingston,Biggen,kbiggen2@shareasale.com,Male,7.163.12.64
4,Perkin,Brickner,pbrickner3@sun.com,Male,110.92.213.11
5,Tabatha,Vaines,tvaines4@spotify.com,Female,40.175.48.125
6,Glen,Hourican,ghourican5@youku.com,Male,150.233.99.41
7,Frazer,Bryden,fbryden6@slate.com,Male,218.142.117.184
8,Gualterio,Laverock,glaverock7@hostgator.com,Male,219.77.203.194
9,Krystalle,Baynes,kbaynes8@xing.com,Female,215.156.231.48
10,Bucky,Pleaden,bpleaden9@sbwire.com,Male,223.166.12.131
11,Kennan,Loker,klokera@ameblo.jp,Male,197.5.69.138
12,Waldemar,Cuerdale,wcuerdaleb@dailymail.co.uk,Male,115.191.181.228
13,Brantley,Karel,bkarelc@jiathis.com,Male,244.167.84.95
14,Saxon,Pawley,spawleyd@imageshack.us,Male,90.178.4.83
15,Jacquette,Ledford,jledforde@arizona.edu,Female,44.225.190.58
16,Obidiah,Flewan,oflewanf@umich.edu,Male,106.51.178.162
17,Lavena,Noke,lnokeg@chicagotribune.com,Female,164.169.16.132
18,Nollie,Plunkett,nplunketth@ustream.tv,Male,198.25.2.67
19,Riordan,Yoseloff,ryoseloffi@ustream.tv,Male,176.242.198.59
20,Pen,Kinvan,pkinvanj@berkeley.edu,Male,95.41.235.72
21,Chevy,Khalid,ckhalidk@alexa.com,Male,72.75.7.115
22,Rodge,Dyson,rdysonl@samsung.com,Male,233.186.161.191
23,Kelcey,Arnefield,karnefieldm@yellowpages.com,Female,59.95.171.237
24,Bill,Black,bblackn@baidu.com,Male,90.185.129.43
25,Kat,Varfolomeev,kvarfolomeevo@symantec.com,Female,7.60.87.115
26,Emelyne,Snowden,esnowdenp@reference.com,Female,69.167.54.220
27,Eddy,Aitchinson,eaitchinsonq@qq.com,Male,35.36.225.198
28,Marjie,Gwilt,mgwiltr@acquirethisname.com,Polygender,179.27.228.149
29,Misha,Facchini,mfacchinis@networkadvertising.org,Female,212.133.48.104
30,Rhody,Grossman,rgrossmant@wikipedia.org,Female,118.254.127.65
31,Tracy,Purrington,tpurringtonu@aboutads.info,Female,140.77.144.170
32,Colver,Sevin,csevinv@mapy.cz,Non-binary,21.85.71.41
33,Erin,Bilsborrow,ebilsborroww@baidu.com,Female,36.167.49.86
34,Eda,Pentycross,epentycrossx@columbia.edu,Female,80.96.147.38
35,Fey,Mantz,fmantzy@macromedia.com,Female,129.64.180.96
36,Glyn,Sauvage,gsauvagez@mail.ru,Female,56.173.190.228
37,Lura,Tanzig,ltanzig10@time.com,Female,210.143.238.51
38,Danella,Curle,dcurle11@cornell.edu,Female,111.205.69.99
39,Judd,Gasnell,jgasnell12@aboutads.info,Male,187.177.21.8
40,Buck,Jaeggi,bjaeggi13@pagesperso-orange.fr,Male,251.26.156.87
41,Tamas,Coping,tcoping14@ucoz.ru,Male,195.185.64.61
42,Perl,Mendel,pmendel15@elegantthemes.com,Female,137.24.52.117
43,Sibylla,Poulson,spoulson16@topsy.com,Female,169.93.109.246
44,Gib,Gerritsma,ggerritsma17@microsoft.com,Male,207.232.208.4
45,Tim,Cruse,tcruse18@ning.com,Female,81.131.39.149
46,Catlaina,Gerson,cgerson19@hao123.com,Female,113.22.63.251
47,Levi,Thundercliffe,lthundercliffe1a@businesswire.com,Male,43.243.48.42
48,Emmery,Mc Dermid,emcdermid1b@shareasale.com,Genderqueer,145.90.41.44
49,Celestyn,Saynor,csaynor1c@ft.com,Female,7.94.184.210
50,Tisha,Vischi,tvischi1d@macromedia.com,Female,198.229.173.128
51,Georgie,Derycot,gderycot1e@google.com,Female,237.43.177.2
52,Kaleena,Nisius,knisius1f@cdc.gov,Female,150.88.83.50
53,Bernita,Tregust,btregust1g@berkeley.edu,Female,164.88.75.189
54,Benyamin,Wanell,bwanell1h@vinaora.com,Male,44.7.26.205
55,Don,Edwicke,dedwicke1i@xrea.com,Male,254.17.113.199
56,Sloane,Chattey,schattey1j@geocities.jp,Male,163.210.146.226
57,Mill,Monson,mmonson1k@wsj.com,Male,132.62.141.7
58,Helge,Gullyes,hgullyes1l@ucoz.ru,Female,180.251.242.88
59,Giulia,Sterley,gsterley1m@wufoo.com,Female,198.81.78.47
60,Deena,Kenninghan,dkenninghan1n@moonfruit.com,Female,119.228.164.40
61,Nari,Donke,ndonke1o@smugmug.com,Female,125.220.18.76
62,Michelina,Szymaniak,mszymaniak1p@foxnews.com,Female,6.230.163.74
63,Mae,Bass,mbass1q@webnode.com,Female,192.77.183.239
64,Terri,Romanet,tromanet1r@ucoz.ru,Male,77.95.172.9
65,Noak,Ricciardelli,nricciardelli1s@nps.gov,Male,88.67.254.146
66,Daisi,Ruddlesden,druddlesden1t@nsw.gov.au,Non-binary,96.91.66.197
67,Alfie,Dumphy,adumphy1u@jigsy.com,Female,228.15.202.156
68,Alfi,Burnside,aburnside1v@furl.net,Female,245.60.66.52
69,Benton,Spencock,bspencock1w@qq.com,Male,148.117.181.41
70,Calli,Chasemore,cchasemore1x@sun.com,Female,171.174.250.17
71,Johann,Ebourne,jebourne1y@cbc.ca,Non-binary,147.113.152.107
72,Noella,Craythorne,ncraythorne1z@deliciousdays.com,Female,65.76.230.207
73,Josey,Cinderey,jcinderey20@disqus.com,Female,152.113.169.56
74,Norby,Samuels,nsamuels21@blogtalkradio.com,Male,21.150.119.57
75,Ezmeralda,Garfirth,egarfirth22@pagesperso-orange.fr,Bigender,112.79.212.254
76,Alida,Branford,abranford23@wordpress.com,Female,109.147.76.216
77,Michal,Fozard,mfozard24@yellowbook.com,Male,135.151.169.86
78,Lukas,Riccardi,lriccardi25@spiegel.de,Male,190.117.139.80
79,Elnore,Rookesby,erookesby26@cloudflare.com,Female,25.164.65.55
80,Barnabas,Leap,bleap27@constantcontact.com,Male,130.72.171.255
81,Gwendolyn,Vlasyev,gvlasyev28@xing.com,Female,146.141.88.177
82,Kristian,Stainton,kstainton29@bing.com,Male,170.227.16.48
83,Ulrick,Keyse,ukeyse2a@blogs.com,Male,161.87.232.145
84,Mirabelle,Meynell,mmeynell2b@jigsy.com,Female,242.172.211.135
85,Lawry,Walne,lwalne2c@miibeian.gov.cn,Male,208.17.80.20
86,George,Eades,geades2d@blogtalkradio.com,Male,71.193.243.57
87,Willie,Schnieder,wschnieder2e@redcross.org,Female,208.153.155.68
88,Tremayne,Philler,tphiller2f@redcross.org,Male,87.61.87.192
89,Meaghan,Laurenzi,mlaurenzi2g@amazon.de,Female,25.221.37.87
90,Red,Gorges,rgorges2h@ucsd.edu,Male,125.17.30.29
91,Arie,Hirsch,ahirsch2i@stanford.edu,Male,226.235.150.38
92,Darrick,Goudie,dgoudie2j@flavors.me,Male,202.243.196.236
93,Kareem,Marlin,kmarlin2k@wisc.edu,Male,243.203.13.239
94,Mac,Kleint,mkleint2l@fema.gov,Male,163.19.113.16
95,Jerrilyn,Peek,jpeek2m@merriam-webster.com,Female,208.142.36.24
96,Jonis,De Cristofalo,jdecristofalo2n@phoca.cz,Female,247.194.254.54
97,Brand,Abazi,babazi2o@boston.com,Genderqueer,11.206.49.1
98,Milli,Bredgeland,mbredgeland2p@stumbleupon.com,Female,24.224.42.41
99,Gigi,Edens,gedens2q@marriott.com,Female,6.156.126.87
100,Wallis,Stoakley,wstoakley2r@cloudflare.com,Male,175.201.203.32
101,Annabela,Beamand,abeamand2s@imgur.com,Female,58.10.233.65
102,Drucie,Matisoff,dmatisoff2t@mysql.com,Female,197.122.3.57
103,Teddie,Alliker,talliker2u@edublogs.org,Non-binary,138.22.174.163
104,Anestassia,Doxey,adoxey2v@wunderground.com,Female,91.202.248.50
105,Arty,Conlaund,aconlaund2w@google.ru,Male,90.54.193.168
106,Gerrard,Biggin,gbiggin2x@apache.org,Male,70.188.93.214
107,Carena,Andersch,candersch2y@jiathis.com,Female,96.83.61.164
108,Dino,Rooney,drooney2z@freewebs.com,Male,118.18.123.209
109,Annie,Capozzi,acapozzi30@moonfruit.com,Female,210.182.124.175
110,Lonee,Wherrit,lwherrit31@java.com,Female,51.87.110.76
111,Alexia,Leaver,aleaver32@mlb.com,Female,12.234.210.3
112,Guglielmo,Hockell,ghockell33@nifty.com,Male,224.234.252.151
113,Jasun,Ruppelin,jruppelin34@ebay.co.uk,Male,157.179.204.114
114,Loria,Gavaghan,lgavaghan35@msn.com,Female,164.15.106.15
115,Edd,Reeks,ereeks36@google.co.uk,Male,93.232.6.226
116,Alvira,Norkett,anorkett37@techcrunch.com,Female,58.59.1.78
117,Hewett,Peckham,hpeckham38@nationalgeographic.com,Male,138.252.69.121
118,Diego,Burchall,dburchall39@godaddy.com,Male,51.29.186.155
119,Joshua,Grahl,jgrahl3a@walmart.com,Male,55.73.40.189
120,Barnett,Haddon,bhaddon3b@businessinsider.com,Male,161.248.242.161
121,Micky,Lomax,mlomax3c@go.com,Female,99.240.80.200
122,Selig,Kimblin,skimblin3d@accuweather.com,Male,202.59.80.76
123,Alix,Pitt,apitt3e@acquirethisname.com,Male,189.2.238.166
124,Kelby,Tremontana,ktremontana3f@epa.gov,Male,23.205.36.44
125,Rabbi,Lordon,rlordon3g@japanpost.jp,Male,57.158.14.34
126,Suzann,Peers,speers3h@dell.com,Female,229.145.6.97
127,Theodoric,Eva,teva3i@topsy.com,Male,193.98.16.75
128,Mohammed,Clowton,mclowton3j@ezinearticles.com,Male,152.181.78.221
129,Chariot,Leroux,cleroux3k@paypal.com,Male,228.29.167.183
130,Karlene,Colenutt,kcolenutt3l@nasa.gov,Female,226.239.226.183
131,Corny,Piff,cpiff3m@hexun.com,Male,155.13.45.168
132,Alex,Jarlmann,ajarlmann3n@elegantthemes.com,Male,58.192.181.25
133,Nappy,Broadbury,nbroadbury3o@apache.org,Male,214.148.28.175
134,Guillermo,Hardwicke,ghardwicke3p@technorati.com,Male,172.12.208.134
135,Nico,Waywell,nwaywell3q@twitpic.com,Male,192.22.161.52
136,Pincas,Antonomolii,pantonomolii3r@goo.gl,Male,196.169.208.192
137,Andriana,Maffiotti,amaffiotti3s@last.fm,Female,44.62.1.114
138,Waring,Lemin,wlemin3t@adobe.com,Male,239.188.109.162
139,Gian,Northedge,gnorthedge3u@google.co.jp,Male,212.138.203.91
140,Cathlene,Dalgarnocht,cdalgarnocht3v@typepad.com,Female,51.130.231.226
141,Lemmy,Eckert,leckert3w@discovery.com,Male,231.119.226.229
142,Riki,Skinley,rskinley3x@squidoo.com,Female,38.40.58.103
143,Janeva,Kyncl,jkyncl3y@studiopress.com,Female,105.247.197.159
144,Peggi,Erickson,perickson3z@tuttocitta.it,Female,130.150.28.207
145,Elisabeth,Widger,ewidger40@bizjournals.com,Female,0.85.175.169
146,Darice,Colum,dcolum41@google.es,Female,29.32.94.1
147,Vinita,Winckle,vwinckle42@oaic.gov.au,Female,153.220.136.162
148,Lizbeth,Trumble,ltrumble43@mashable.com,Female,234.20.124.159
149,Staffard,Demangel,sdemangel44@discovery.com,Male,1.106.247.75
150,Vladimir,Snary,vsnary45@blogger.com,Male,123.205.28.17
151,Rollin,Hallows,rhallows46@reverbnation.com,Male,238.147.13.54
152,Eziechiele,Dewan,edewan47@seattletimes.com,Male,132.40.77.53
153,Conney,Dossett,cdossett48@histats.com,Male,246.55.81.141
154,Brooke,Pullen,bpullen49@phoca.cz,Male,79.190.40.224
155,Josi,Feronet,jferonet4a@telegraph.co.uk,Female,32.191.162.154
156,Cornelle,McGuff,cmcguff4b@ustream.tv,Female,88.61.22.10
157,Brigg,Tatnell,btatnell4c@dot.gov,Male,230.209.149.251
158,Carr,Newick,cnewick4d@lycos.com,Male,243.234.231.88
159,Lem,Jeanin,ljeanin4e@go.com,Male,234.44.45.41
160,Prentice,McTavish,pmctavish4f@usda.gov,Male,112.37.125.214
161,Rik,Klesel,rklesel4g@theguardian.com,Male,148.148.156.25
162,Ronna,Chaudret,rchaudret4h@nationalgeographic.com,Female,24.22.208.216
163,Bear,Bulman,bbulman4i@unc.edu,Male,23.246.45.7
164,Florry,Ewart,fewart4j@mysql.com,Female,239.252.87.171
165,Karoline,Charrier,kcharrier4k@moonfruit.com,Agender,224.118.128.103
166,Katerine,Sebrens,ksebrens4l@over-blog.com,Female,215.46.36.68
167,Lida,Longhorn,llonghorn4m@lulu.com,Female,186.65.219.12
168,Portia,Clyne,pclyne4n@deliciousdays.com,Female,254.107.22.220
169,Juli,Domnin,jdomnin4o@sun.com,Female,128.190.138.220
170,Row,Goldine,rgoldine4p@phoca.cz,Female,195.238.197.135
171,Sampson,Probets,sprobets4q@cnet.com,Non-binary,240.68.182.247
172,Gannon,Claringbold,gclaringbold4r@narod.ru,Male,25.20.251.48
173,Teodoro,Gooley,tgooley4s@apache.org,Male,35.242.146.185
174,Cassey,Maycey,cmaycey4t@whitehouse.gov,Female,220.162.144.121
175,Jed,Klausewitz,jklausewitz4u@boston.com,Male,88.186.181.45
176,Allard,Sedgeman,asedgeman4v@tiny.cc,Male,235.28.19.106
177,Demetre,Zettoi,dzettoi4w@mail.ru,Male,76.105.129.43
178,Sybille,Gommes,sgommes4x@google.co.jp,Female,190.190.116.3
179,Sansone,Aldous,saldous4y@rambler.ru,Male,225.19.200.162
180,Rita,Bothwell,rbothwell4z@a8.net,Female,12.233.190.176
181,Nomi,Sunner,nsunner50@spotify.com,Female,192.202.41.209
182,Yorker,Course,ycourse51@businesswire.com,Male,141.11.121.100
183,Brant,De Lisle,bdelisle52@nasa.gov,Male,121.88.181.169
184,Cristian,Pretor,cpretor53@springer.com,Male,145.116.182.206
185,Gunther,Vinden,gvinden54@hubpages.com,Genderfluid,227.86.211.154
186,Chase,Swannack,cswannack55@patch.com,Male,27.110.1.16
187,Annabelle,Sculpher,asculpher56@addtoany.com,Female,157.145.233.130
188,Reade,Ferrey,rferrey57@youku.com,Male,244.153.58.134
189,Edd,Dinwoodie,edinwoodie58@weebly.com,Male,98.217.189.1
190,Dorette,Sarsfield,dsarsfield59@dailymail.co.uk,Female,168.73.62.4
191,Gerry,Aneley,ganeley5a@illinois.edu,Female,209.183.20.55
192,Gaspar,Broxholme,gbroxholme5b@yahoo.com,Male,140.174.2.12
193,Melisandra,Lawrie,mlawrie5c@livejournal.com,Female,55.21.143.36
194,Nobe,Tomeo,ntomeo5d@mozilla.org,Male,15.80.191.114
195,Sydelle,Purseglove,spurseglove5e@usa.gov,Female,250.123.183.18
196,Vale,Staker,vstaker5f@phpbb.com,Female,69.252.242.20
197,Terrye,Coathup,tcoathup5g@nyu.edu,Female,142.147.102.28
198,Lamont,Farrear,lfarrear5h@godaddy.com,Male,170.210.192.56
199,Koren,De Vere,kdevere5i@si.edu,Female,46.92.203.31
200,Margarete,Cottey,mcottey5j@tamu.edu,Female,249.130.35.167
